id,Leave_Next_Month
100,0.73
101,0.01
102,0.22
103,0.01
105,0.41
106,0.13
110,0.14
112,0.07
113,0.11
115,0.02
117,0.01
118,0.09
120,0.52
122,0.13
125,0.12
126,0.16
127,0.52
128,0.0
129,0.13
132,0.02
136,0.35
139,0.32
140,0.06
141,0.01
142,0.01
144,0.14
145,0.19
147,0.51
148,0.01
152,0.14
155,0.29
157,0.03
158,0.01
159,0.01
162,0.01
164,0.43
165,0.26
170,0.37
171,0.01
177,0.08
178,0.36
179,0.02
184,0.01
185,0.53
186,0.08
188,0.01
190,0.25
191,0.74
192,0.01
193,0.24
194,0.01
198,0.02
201,0.24
204,0.12
207,0.06
210,0.32
212,0.31
214,0.03
216,0.04
217,0.69
218,0.01
219,0.2
227,0.0
228,0.31
230,0.63
231,0.18
232,0.01
233,0.75
235,0.03
236,0.33
237,0.01
238,0.01
239,0.87
241,0.28
244,0.0
245,0.06
247,0.74
248,0.04
253,0.02
254,0.11
256,0.47
258,0.03
260,0.16
264,0.03
266,0.52
267,0.0
268,0.15
270,0.07
271,0.81
272,0.08
274,0.02
276,0.48
279,0.02
281,0.59
284,0.56
286,0.17
290,0.04
292,0.01
293,0.01
294,0.01
295,0.36
298,0.01
299,0.18
301,0.36
306,0.0
310,0.54
312,0.0
313,0.02
315,0.19
317,0.03
320,0.57
325,0.07
328,0.27
334,0.06
335,0.49
337,0.53
338,0.63
348,0.53
351,0.56
354,0.1
356,0.07
357,0.12
360,0.47
361,0.63
363,0.04
365,0.02
366,0.02
369,0.0
372,0.6
374,0.76
375,0.46
382,0.18
383,0.06
387,0.76
388,0.45
390,0.53
393,0.69
394,0.09
398,0.42
399,0.6
400,0.1
402,0.65
403,0.02
404,0.29
405,0.02
407,0.04
408,0.48
410,0.35
414,0.69
415,0.12
419,0.33
420,0.05
421,0.0
422,0.74
423,0.05
424,0.01
426,0.6
429,0.5
435,0.03
437,0.02
440,0.1
441,0.0
442,0.04
443,0.01
444,0.01
451,0.06
453,0.54
454,0.33
459,0.26
461,0.08
463,0.01
464,0.34
465,0.69
469,0.01
475,0.1
476,0.59
479,0.15
480,0.09
481,0.52
483,0.81
485,0.14
490,0.37
492,0.5
493,0.02
494,0.44
496,0.32
497,0.2
498,0.15
499,0.01
502,0.22
503,0.01
506,0.05
508,0.26
509,0.29
510,0.53
511,0.03
512,0.33
513,0.11
515,0.17
516,0.03
518,0.25
523,0.01
528,0.34
530,0.01
531,0.0
532,0.21
533,0.21
535,0.1
536,0.01
539,0.44
541,0.25
542,0.08
545,0.28
547,0.01
548,0.49
552,0.06
553,0.29
555,0.4
556,0.04
559,0.82
562,0.53
564,0.01
567,0.01
571,0.82
573,0.12
576,0.28
579,0.37
580,0.02
581,0.18
584,0.6
585,0.01
586,0.69
588,0.13
590,0.11
593,0.03
594,0.38
595,0.16
596,0.08
597,0.01
603,0.18
604,0.01
605,0.55
606,0.64
608,0.69
610,0.2
616,0.05
617,0.46
619,0.1
620,0.22
622,0.33
624,0.62
627,0.07
628,0.01
631,0.01
633,0.25
634,0.93
635,0.62
636,0.1
637,0.06
638,0.11
639,0.02
640,0.01
642,0.42
645,0.17
647,0.17
649,0.1
650,0.02
651,0.01
654,0.46
655,0.07
656,0.39
657,0.05
659,0.71
660,0.26
662,0.27
663,0.12
664,0.27
665,0.0
666,0.41
667,0.0
669,0.13
671,0.03
673,0.19
677,0.57
678,0.49
679,0.15
680,0.08
682,0.8
683,0.31
685,0.94
688,0.01
690,0.01
691,0.03
692,0.02
693,0.35
696,0.04
697,0.3
702,0.04
703,0.13
704,0.3
705,0.0
708,0.01
709,0.48
712,0.01
713,0.21
714,0.04
717,0.25
722,0.14
723,0.01
724,0.15
726,0.49
727,0.24
728,0.01
729,0.31
731,0.13
734,0.09
735,0.41
737,0.01
738,0.22
741,0.21
742,0.93
745,0.61
749,0.2
752,0.01
753,0.06
755,0.73
756,0.02
758,0.04
759,0.05
761,0.26
762,0.38
766,0.57
767,0.24
769,0.02
772,0.91
777,0.7
778,0.75
779,0.32
780,0.89
784,0.83
785,0.71
786,0.05
787,0.58
788,0.07
792,0.02
793,0.64
794,0.04
795,0.46
797,0.51
798,0.08
799,0.0
800,0.03
802,0.56
803,0.17
804,0.31
807,0.29
808,0.38
809,0.32
813,0.45
814,0.0
815,0.25
818,0.21
821,0.01
824,0.59
825,0.2
826,0.03
829,0.01
830,0.35
833,0.0
834,0.47
836,0.23
839,0.0
840,0.03
841,0.7
843,0.01
846,0.01
847,0.55
849,0.05
856,0.01
857,0.08
858,0.5
859,0.0
866,0.47
867,0.07
868,0.32
871,0.73
872,0.38
874,0.32
876,0.28
878,0.18
880,0.0
885,0.21
887,0.16
893,0.02
896,0.09
900,0.05
903,0.03
907,0.02
911,0.11
912,0.03
915,0.48
917,0.17
919,0.02
920,0.53
921,0.03
923,0.34
929,0.23
930,0.17
932,0.03
935,0.11
936,0.04
937,0.67
940,0.33
941,0.01
942,0.05
945,0.04
946,0.02
948,0.0
949,0.0
951,0.02
953,0.24
956,0.0
958,0.03
963,0.77
966,0.04
970,0.01
971,0.15
973,0.25
977,0.04
978,0.03
979,0.29
980,0.66
984,0.03
987,0.4
992,0.52
1003,0.24
1004,0.02
1006,0.47
1008,0.11
1010,0.57
1012,0.05
1013,0.05
1014,0.0
1015,0.93
1016,0.5
1017,0.0
1019,0.26
1020,0.02
1022,0.66
1023,0.05
1024,0.47
1025,0.2
1026,0.73
1028,0.09
1032,0.0
1035,0.81
1036,0.09
1041,0.18
1042,0.39
1043,0.0
1045,0.52
1047,0.53
1049,0.01
1050,0.62
1051,0.47
1052,0.12
1055,0.64
1060,0.29
1061,0.05
1063,0.03
1064,0.76
1070,0.91
1071,0.22
1075,0.02
1076,0.86
1077,0.6
1079,0.07
1081,0.01
1085,0.47
1087,0.39
1088,0.03
1090,0.03
1092,0.01
1094,0.03
1095,0.25
1096,0.25
1097,0.81
1098,0.0
1099,0.62
1101,0.6
1102,0.5
1104,0.04
1106,0.52
1109,0.04
1110,0.32
1111,0.0
1117,0.03
1118,0.51
1119,0.04
1120,0.11
1121,0.05
1123,0.41
1127,0.15
1129,0.52
1130,0.26
1131,0.24
1137,0.35
1138,0.12
1141,0.05
1142,0.47
1146,0.04
1150,0.4
1156,0.75
1158,0.76
1160,0.02
1161,0.02
1165,0.52
1166,0.01
1168,0.4
1169,0.09
1170,0.53
1173,0.85
1174,0.38
1177,0.26
1180,0.02
1181,0.54
1182,0.04
1183,0.81
1185,0.65
1188,0.62
1192,0.01
1194,0.07
1195,0.94
1197,0.2
1203,0.21
1204,0.03
1206,0.1
1207,0.01
1208,0.01
1209,0.18
1212,0.0
1213,0.42
1215,0.04
1216,0.06
1218,0.3
1219,0.02
1222,0.18
1223,0.08
1224,0.27
1227,0.06
1229,0.45
1230,0.01
1232,0.8
1234,0.36
1236,0.01
1238,0.35
1239,0.07
1240,0.06
1241,0.1
1245,0.43
1246,0.04
1247,0.51
1248,0.87
1250,0.37
1253,0.05
1256,0.01
1260,0.64
1262,0.04
1264,0.0
1265,0.02
1269,0.09
1277,0.05
1278,0.74
1282,0.24
1285,0.78
1289,0.62
1290,0.3
1291,0.02
1292,0.74
1293,0.03
1294,0.21
1297,0.08
1298,0.02
1302,0.16
1303,0.01
1305,0.9
1306,0.6
1312,0.51
1314,0.49
1315,0.7
1316,0.01
1317,0.02
1318,0.4
1320,0.23
1321,0.3
1323,0.78
1324,0.62
1325,0.31
1326,0.0
1327,0.1
1332,0.42
1334,0.15
1336,0.71
1337,0.04
1339,0.28
1343,0.66
1344,0.09
1346,0.35
1347,0.1
1348,0.63
1350,0.13
1351,0.81
1354,0.06
1355,0.49
1356,0.0
1357,0.1
1362,0.3
1363,0.14
1365,0.2
1366,0.65
1369,0.09
1372,0.05
1379,0.02
1382,0.75
1384,0.01
1386,0.41
1387,0.36
1390,0.0
1391,0.36
1392,0.02
1393,0.1
1397,0.59
1401,0.01
1403,0.01
1405,0.25
1411,0.1
1413,0.26
1419,0.27
1421,0.02
1424,0.06
1425,0.84
1428,0.23
1429,0.0
1430,0.05
1431,0.75
1433,0.04
1434,0.82
1437,0.02
1438,0.35
1442,0.04
1443,0.06
1444,0.03
1448,0.72
1450,0.01
1451,0.14
1452,0.0
1456,0.55
1460,0.74
1463,0.0
1464,0.02
1465,0.13
1466,0.75
1467,0.15
1468,0.06
1471,0.91
1472,0.43
1475,0.02
1477,0.0
1482,0.03
1486,0.03
1489,0.53
1491,0.52
1492,0.01
1494,0.15
1496,0.27
1498,0.38
1501,0.72
1503,0.37
1505,0.87
1507,0.05
1509,0.41
1512,0.65
1514,0.47
1516,0.03
1523,0.71
1525,0.48
1535,0.38
1538,0.07
1539,0.69
1541,0.12
1542,0.19
1543,0.36
1546,0.76
1547,0.58
1548,0.04
1549,0.15
1551,0.18
1553,0.5
1555,0.13
1556,0.59
1557,0.26
1560,0.62
1562,0.02
1563,0.52
1568,0.04
1569,0.47
1570,0.13
1573,0.63
1577,0.28
1578,0.54
1579,0.13
1580,0.05
1581,0.0
1584,0.01
1585,0.64
1587,0.24
1588,0.49
1589,0.05
1590,0.05
1592,0.55
1593,0.52
1595,0.22
1596,0.13
1599,0.19
1604,0.48
1605,0.91
1606,0.04
1610,0.0
1611,0.01
1616,0.57
1617,0.25
1618,0.08
1623,0.25
1625,0.1
1628,0.37
1632,0.08
1633,0.4
1634,0.01
1636,0.02
1637,0.0
1638,0.7
1639,0.23
1640,0.11
1642,0.02
1643,0.38
1644,0.17
1645,0.18
1647,0.25
1649,0.74
1650,0.77
1652,0.04
1654,0.03
1655,0.26
1658,0.51
1659,0.09
1662,0.15
1665,0.28
1667,0.35
1668,0.69
1671,0.24
1674,0.03
1677,0.29
1679,0.71
1686,0.15
1687,0.02
1688,0.23
1689,0.34
1691,0.05
1692,0.39
1694,0.01
1695,0.72
1697,0.08
1698,0.01
1700,0.93
1706,0.01
1707,0.44
1708,0.05
1709,0.24
1711,0.0
1712,0.04
1713,0.04
1715,0.02
1716,0.01
1718,0.57
1719,0.02
1720,0.29
1722,0.05
1723,0.11
1724,0.24
1728,0.55
1729,0.02
1730,0.54
1731,0.58
1733,0.68
1735,0.31
1737,0.03
1739,0.45
1740,0.05
1741,0.0
1742,0.03
1743,0.4
1744,0.49
1752,0.18
1753,0.01
1754,0.06
1757,0.14
1761,0.4
1762,0.56
1763,0.48
1766,0.03
1767,0.06
1769,0.54
1773,0.27
1777,0.03
1779,0.42
1780,0.03
1783,0.01
1784,0.15
1786,0.17
1787,0.04
1788,0.01
1789,0.11
1790,0.18
1795,0.07
1798,0.0
1799,0.03
1801,0.18
1802,0.65
1807,0.53
1808,0.57
1810,0.68
1811,0.0
1815,0.01
1819,0.69
1821,0.42
1823,0.03
1828,0.04
1830,0.81
1837,0.42
1839,0.84
1840,0.05
1844,0.3
1846,0.01
1848,0.01
1851,0.68
1855,0.2
1856,0.07
1857,0.03
1858,0.01
1859,0.03
1860,0.07
1863,0.7
1870,0.51
1872,0.71
1873,0.01
1874,0.5
1878,0.0
1881,0.33
1882,0.28
1883,0.83
1884,0.08
1892,0.23
1894,0.0
1895,0.42
1896,0.29
1899,0.8
1903,0.04
1908,0.52
1912,0.34
1914,0.02
1916,0.37
1917,0.02
1923,0.33
1924,0.0
1925,0.35
1926,0.15
1929,0.62
1934,0.69
1935,0.79
1937,0.36
1938,0.34
1941,0.04
1942,0.3
1944,0.03
1946,0.03
1954,0.76
1957,0.02
1958,0.43
1959,0.31
1963,0.05
1966,0.19
1969,0.0
1970,0.74
1971,0.2
1973,0.0
1974,0.03
1975,0.01
1977,0.0
1978,0.11
1979,0.84
1984,0.07
1985,0.14
1986,0.02
1987,0.44
1988,0.08
1989,0.24
1990,0.35
1993,0.35
1995,0.02
1996,0.12
1997,0.21
1999,0.41
2000,0.02
2007,0.28
2008,0.01
2009,0.05
2012,0.02
2013,0.16
2016,0.28
2018,0.15
2019,0.64
2020,0.05
2022,0.21
2023,0.01
2024,0.44
2025,0.03
2028,0.04
2032,0.35
2035,0.02
2036,0.04
2037,0.02
2038,0.35
2039,0.3
2040,0.03
2042,0.01
2043,0.76
2044,0.22
2045,0.0
2047,0.04
2049,0.1
2050,0.21
2065,0.22
2066,0.21
2067,0.04
2069,0.04
2071,0.02
2074,0.59
2075,0.01
2077,0.56
2078,0.02
2079,0.02
2080,0.67
2082,0.06
2084,0.48
2088,0.28
2090,0.66
2091,0.12
2092,0.53
2094,0.02
2097,0.13
2099,0.52
2101,0.14
2102,0.02
2103,0.14
2104,0.46
2109,0.02
2110,0.69
2112,0.32
2116,0.65
2120,0.07
2121,0.1
2124,0.52
2125,0.01
2126,0.03
2127,0.02
2131,0.24
2133,0.43
2136,0.84
2137,0.85
2138,0.51
2140,0.0
2141,0.03
2142,0.11
2143,0.26
2148,0.51
2150,0.0
2154,0.68
2156,0.25
2158,0.0
2159,0.45
2163,0.08
2168,0.15
2169,0.88
2173,0.09
2174,0.24
2175,0.54
2179,0.44
2180,0.0
2182,0.03
2183,0.43
2184,0.59
2185,0.62
2190,0.13
2191,0.01
2193,0.08
2195,0.91
2197,0.69
2198,0.61
2199,0.32
2200,0.27
2202,0.41
2207,0.54
2208,0.13
2209,0.03
2210,0.09
2211,0.01
2212,0.05
2217,0.0
2218,0.51
2220,0.01
2222,0.28
2223,0.52
2226,0.56
2227,0.15
2229,0.91
2230,0.15
2232,0.01
2233,0.85
2234,0.34
2239,0.43
2240,0.4
2241,0.06
2244,0.35
2246,0.14
2250,0.58
2251,0.02
2254,0.01
2256,0.74
2257,0.29
2259,0.03
2262,0.42
2264,0.06
2267,0.73
2271,0.48
2273,0.68
2277,0.01
2280,0.01
2281,0.06
2283,0.47
2287,0.02
2289,0.01
2291,0.9
2293,0.02
2294,0.89
2295,0.04
2298,0.1
2299,0.02
2303,0.01
2305,0.29
2306,0.24
2308,0.93
2309,0.21
2311,0.23
2312,0.04
2318,0.0
2320,0.0
2321,0.0
2324,0.54
2325,0.18
2327,0.01
2330,0.01
2331,0.46
2332,0.01
2334,0.03
2335,0.09
2336,0.57
2338,0.89
2340,0.0
2341,0.02
2342,0.03
2344,0.05
2347,0.01
2349,0.31
2351,0.41
2352,0.01
2357,0.07
2361,0.19
2363,0.46
2364,0.15
2367,0.01
2371,0.53
2373,0.02
2375,0.83
2378,0.33
2379,0.0
2381,0.24
2386,0.27
2388,0.53
2391,0.75
2394,0.7
2395,0.73
2396,0.58
2397,0.18
2400,0.15
2403,0.44
2404,0.1
2410,0.0
2411,0.29
2414,0.0
2415,0.13
2416,0.07
2417,0.02
2418,0.01
2420,0.02
2422,0.01
2423,0.51
2425,0.1
2427,0.44
2429,0.15
2430,0.18
2431,0.05
2432,0.05
2433,0.05
2434,0.55
2435,0.23
2437,0.22
2438,0.0
2440,0.03
2443,0.38
2444,0.07
2452,0.2
2454,0.02
2455,0.02
2457,0.03
2459,0.39
2461,0.41
2463,0.71
2467,0.86
2472,0.0
2473,0.02
2474,0.07
2480,0.16
2481,0.04
2482,0.08
2483,0.28
2484,0.42
2485,0.2
2487,0.69
2488,0.71
2489,0.01
2490,0.05
2492,0.43
2495,0.22
2496,0.35
2497,0.88
2498,0.38
2500,0.52
2505,0.64
2508,0.01
2509,0.09
2510,0.36
2511,0.03
2515,0.51
2517,0.15
2518,0.46
2519,0.11
2521,0.12
2528,0.55
2531,0.53
2532,0.05
2533,0.08
2534,0.05
2535,0.26
2536,0.34
2537,0.12
2541,0.7
2543,0.01
2544,0.6
2546,0.43
2547,0.61
2549,0.28
2551,0.31
2552,0.49
2555,0.4
2556,0.02
2557,0.1
2558,0.17
2559,0.16
2564,0.89
2565,0.69
2569,0.02
2572,0.01
2574,0.43
2575,0.06
2576,0.02
2579,0.02
2583,0.29
2584,0.06
2586,0.16
2588,0.2
2591,0.04
2592,0.25
2596,0.01
2597,0.09
2600,0.07
2601,0.0
2603,0.02
2606,0.0
2610,0.85
2611,0.14
2612,0.09
2614,0.53
2615,0.07
2618,0.53
2619,0.8
2620,0.03
2621,0.53
2624,0.0
2633,0.03
2634,0.11
2637,0.01
2640,0.08
2642,0.08
2643,0.65
2644,0.17
2646,0.24
2648,0.44
2649,0.11
2650,0.01
2652,0.05
2654,0.19
2656,0.24
2658,0.02
2659,0.01
2660,0.24
2662,0.03
2665,0.03
2667,0.23
2673,0.65
2676,0.19
2679,0.01
2680,0.52
2681,0.09
2685,0.01
2688,0.22
2692,0.09
2694,0.09
2696,0.08
2699,0.0
2701,0.01
2705,0.04
2706,0.56
2707,0.78
2708,0.24
2709,0.4
2712,0.37
2719,0.41
2720,0.23
2723,0.5
2725,0.19
2727,0.03
2729,0.5
2731,0.81
2733,0.08
2736,0.1
2737,0.02
2739,0.4
2741,0.14
2743,0.58
2744,0.18
2746,0.03
2747,0.11
2748,0.29
2751,0.52
2753,0.02
2754,0.88
2759,0.03
2760,0.24
2761,0.02
2763,0.16
2764,0.06
2765,0.2
2771,0.25
2772,0.02
2775,0.01
2776,0.02
2777,0.43
2780,0.0
2781,0.02
2782,0.28
2784,0.14
2785,0.01
2786,0.59
2787,0.38
2791,0.12
2794,0.11
2795,0.05
2798,0.08
2801,0.01
2802,0.56
2803,0.67
2804,0.05
2806,0.67
2809,0.41
2810,0.02
2812,0.2
2814,0.12
2816,0.14
2817,0.0
2819,0.03
2820,0.27
2821,0.61
2824,0.02
2826,0.01
2827,0.77
2831,0.23
2832,0.06
2834,0.09
2835,0.35
2837,0.14
2838,0.04
2839,0.2
2840,0.51
2841,0.7
2842,0.01
2844,0.1
2845,0.9
2847,0.15
2849,0.17
2853,0.9
2854,0.24
2855,0.05
2857,0.04
2859,0.4
2861,0.42
2862,0.15
2864,0.1
2866,0.13
2872,0.02
2873,0.22
2874,0.26
2875,0.07
2879,0.7
2883,0.23
2885,0.18
2886,0.05
2895,0.59
2896,0.34
2897,0.81
2898,0.77
2900,0.03
2901,0.13
2903,0.02
2905,0.01
2906,0.03
2908,0.69
2909,0.29
2910,0.17
2913,0.01
2915,0.61
2917,0.02
2918,0.31
2920,0.04
2923,0.03
2924,0.01
2927,0.58
2928,0.04
2930,0.02
2931,0.71
2932,0.06
2933,0.02
2935,0.03
2937,0.34
2939,0.01
2940,0.18
2942,0.19
2943,0.01
2944,0.77
2945,0.44
2947,0.39
2948,0.06
2950,0.35
2951,0.02
2954,0.14
2955,0.01
2956,0.71
2957,0.03
2959,0.03
2960,0.42
2962,0.5
2964,0.23
2965,0.08
2967,0.02
2968,0.5
2970,0.21
2972,0.02
2975,0.57
2976,0.02
2979,0.38
2981,0.08
2984,0.0
2987,0.63
2989,0.04
2990,0.18
2991,0.88
2994,0.03
2998,0.05
3000,0.73
3002,0.49
3004,0.23
3013,0.03
3016,0.1
3018,0.44
3019,0.05
3022,0.34
3023,0.22
3025,0.22
3028,0.03
3029,0.04
3031,0.48
3032,0.16
3036,0.44
3038,0.17
3039,0.29
3041,0.01
3043,0.03
3047,0.23
3050,0.11
3053,0.52
3054,0.56
3055,0.78
3056,0.41
3060,0.65
3066,0.45
3067,0.12
3069,0.09
3070,0.57
3071,0.02
3072,0.0
3073,0.31
3074,0.37
3075,0.23
3076,0.04
3079,0.07
3083,0.0
3084,0.04
3090,0.31
3092,0.11
3094,0.02
3099,0.02
3100,0.71
3102,0.11
3104,0.8
3106,0.48
3109,0.42
3110,0.48
3115,0.02
3122,0.08
3124,0.08
3128,0.22
3129,0.08
3131,0.3
3132,0.02
3137,0.02
3139,0.0
3140,0.01
3142,0.21
3145,0.1
3146,0.21
3149,0.08
3152,0.21
3153,0.09
3155,0.2
3160,0.11
3163,0.62
3166,0.6
3167,0.56
3168,0.12
3169,0.14
3172,0.03
3173,0.05
3174,0.17
3176,0.12
3178,0.8
3179,0.41
3181,0.62
3186,0.55
3187,0.72
3188,0.03
3193,0.07
3195,0.56
3200,0.26
3201,0.14
3202,0.17
3203,0.48
3206,0.01
3207,0.01
3209,0.03
3210,0.32
3211,0.01
3213,0.61
3214,0.44
3215,0.62
3222,0.01
3224,0.02
3225,0.09
3230,0.08
3231,0.0
3232,0.75
3233,0.05
3239,0.37
3241,0.64
3242,0.34
3245,0.58
3246,0.49
3248,0.16
3250,0.28
3251,0.27
3252,0.23
3254,0.51
3255,0.01
3257,0.22
3258,0.18
3261,0.04
3262,0.2
3266,0.18
3267,0.01
3270,0.31
3271,0.02
3273,0.04
3274,0.05
3276,0.02
3277,0.0
3278,0.28
3281,0.02
3282,0.1
3283,0.54
3284,0.0
3285,0.59
3289,0.07
3290,0.04
3295,0.47
3296,0.04
3298,0.31
3300,0.46
3302,0.7
3304,0.03
3307,0.12
3309,0.92
3310,0.02
3312,0.5
3313,0.04
3314,0.09
3315,0.51
3316,0.49
3318,0.04
3321,0.46
3322,0.42
3327,0.26
3328,0.25
3330,0.01
3332,0.06
3335,0.04
3336,0.21
3338,0.01
3344,0.25
3345,0.27
3352,0.08
3354,0.59
3355,0.11
3358,0.72
3359,0.42
3361,0.02
3363,0.14
3364,0.64
3366,0.0
3367,0.01
3368,0.08
3369,0.02
3372,0.82
3373,0.22
3375,0.03
3379,0.03
3380,0.03
3382,0.23
3384,0.56
3387,0.3
3391,0.15
3392,0.44
3393,0.39
3394,0.69
3398,0.08
3400,0.01
3402,0.37
3403,0.56
3404,0.1
3405,0.6
3408,0.02
3409,0.02
3412,0.34
3415,0.16
3416,0.1
3418,0.21
3419,0.55
3420,0.21
3421,0.01
3422,0.71
3423,0.02
3424,0.81
3426,0.1
3427,0.13
3428,0.82
3429,0.13
3430,0.56
3432,0.53
3434,0.53
3436,0.01
3437,0.71
3442,0.09
3443,0.04
3444,0.5
3445,0.02
3447,0.01
3448,0.02
3449,0.76
3451,0.13
3454,0.05
3455,0.02
3457,0.52
3459,0.04
3460,0.67
3461,0.09
3462,0.48
3463,0.04
3464,0.67
3467,0.03
3468,0.17
3469,0.37
3470,0.16
3472,0.25
3474,0.31
3475,0.0
3479,0.08
3483,0.71
3486,0.04
3490,0.02
3491,0.08
3492,0.02
3493,0.13
3497,0.03
3500,0.44
3505,0.13
3506,0.02
3507,0.01
3508,0.23
3509,0.1
3513,0.38
3514,0.02
3515,0.09
3517,0.09
3519,0.03
3520,0.27
3522,0.02
3524,0.63
3525,0.11
3526,0.75
3528,0.32
3529,0.02
3530,0.11
3532,0.04
3533,0.19
3535,0.58
3536,0.03
3537,0.09
3538,0.62
3539,0.01
3540,0.0
3541,0.06
3542,0.36
3543,0.22
3547,0.11
3549,0.13
3551,0.04
3553,0.15
3555,0.87
3558,0.46
3561,0.12
3562,0.68
3563,0.46
3569,0.6
3571,0.02
3573,0.55
3574,0.1
3577,0.48
3579,0.36
3582,0.22
3583,0.43
3585,0.63
3587,0.01
3590,0.35
3591,0.09
3595,0.89
3598,0.27
3599,0.34
3600,0.06
3605,0.37
3606,0.5
3607,0.08
3608,0.1
3612,0.04
3615,0.17
3621,0.04
3622,0.02
3623,0.01
3624,0.64
3625,0.39
3626,0.28
3627,0.84
3628,0.08
3630,0.27
3631,0.04
3633,0.07
3635,0.07
3636,0.83
3638,0.0
3640,0.01
3641,0.13
3643,0.01
3645,0.5
3649,0.01
3650,0.49
3651,0.81
3654,0.56
3657,0.31
3658,0.15
3661,0.46
3665,0.6
3667,0.32
3672,0.5
3675,0.16
3678,0.12
3682,0.69
3684,0.4
3685,0.1
3686,0.17
3688,0.31
3689,0.16
3690,0.03
3691,0.37
3692,0.68
3694,0.32
3698,0.56
3701,0.04
3704,0.04
3705,0.23
3706,0.18
3707,0.06
3708,0.43
3709,0.2
3712,0.48
3714,0.03
3715,0.51
3716,0.06
3717,0.35
3718,0.18
3719,0.0
3721,0.36
3723,0.38
3727,0.04
3730,0.08
3731,0.56
3733,0.81
3738,0.34
3741,0.05
3745,0.11
3747,0.42
3748,0.16
3752,0.59
3753,0.05
3755,0.05
3757,0.03
3758,0.23
3759,0.12
3760,0.18
3761,0.11
3762,0.25
3764,0.31
3766,0.4
3768,0.08
3769,0.33
3771,0.86
3772,0.09
3773,0.5
3775,0.37
3776,0.07
3777,0.49
3783,0.0
3784,0.33
3785,0.06
3787,0.22
3797,0.4
3799,0.09
3800,0.06
3801,0.02
3802,0.55
3803,0.04
3804,0.03
3805,0.02
3807,0.01
3808,0.03
3809,0.53
3810,0.04
3816,0.69
3818,0.37
3819,0.02
3821,0.09
3823,0.04
3824,0.02
3825,0.78
3826,0.4
3827,0.81
3829,0.01
3830,0.3
3831,0.6
3836,0.08
3837,0.38
3838,0.21
3839,0.03
3843,0.19
3844,0.1
3848,0.05
3849,0.82
3850,0.18
3854,0.37
3856,0.63
3857,0.03
3860,0.51
3861,0.0
3863,0.7
3865,0.14
3867,0.01
3868,0.22
3871,0.86
3872,0.84
3875,0.62
3876,0.06
3879,0.02
3880,0.03
3881,0.02
3885,0.68
3895,0.6
3896,0.38
3898,0.54
3901,0.37
3902,0.37
3905,0.81
3907,0.58
3909,0.02
3911,0.26
3912,0.06
3916,0.03
3919,0.07
3921,0.87
3925,0.01
3930,0.67
3931,0.21
3932,0.08
3934,0.08
3935,0.01
3938,0.58
3939,0.07
3940,0.02
3942,0.44
3944,0.1
3945,0.59
3946,0.33
3948,0.36
3950,0.03
3951,0.02
3952,0.5
3955,0.08
3956,0.24
3957,0.09
3959,0.16
3960,0.18
3962,0.01
3965,0.25
3966,0.02
3970,0.06
3972,0.7
3975,0.17
3977,0.14
3978,0.01
3979,0.55
3981,0.0
3982,0.34
3983,0.48
3988,0.83
3990,0.02
3993,0.31
3995,0.02
3998,0.03
4001,0.1
4003,0.15
4005,0.27
4006,0.82
4007,0.31
4008,0.08
4009,0.03
4010,0.42
4013,0.0
4014,0.02
4015,0.03
4016,0.4
4017,0.65
4018,0.49
4019,0.72
4020,0.01
4022,0.3
4024,0.11
4025,0.1
4027,0.09
4029,0.05
4030,0.14
4031,0.17
4034,0.03
4035,0.01
4038,0.24
4040,0.22
4042,0.68
4044,0.04
4045,0.18
4046,0.17
4048,0.11
4050,0.53
4053,0.46
4054,0.67
4055,0.33
4056,0.71
4057,0.16
4058,0.43
4062,0.73
4065,0.28
4066,0.01
4067,0.02
4068,0.0
4069,0.65
4071,0.03
4072,0.15
4074,0.11
4075,0.47
4076,0.4
4077,0.07
4078,0.6
4080,0.59
4082,0.0
4084,0.0
4085,0.24
4086,0.05
4089,0.28
4090,0.61
4094,0.27
4095,0.36
4097,0.02
4098,0.15
4100,0.64
4101,0.11
4103,0.02
4106,0.0
4109,0.03
4110,0.37
4112,0.48
4113,0.42
4114,0.38
4115,0.06
4121,0.32
4123,0.03
4125,0.58
4126,0.01
4127,0.27
4128,0.07
4130,0.32
4133,0.02
4134,0.2
4136,0.03
4139,0.76
4140,0.02
4141,0.05
4142,0.4
4143,0.03
4147,0.06
4151,0.01
4154,0.37
4155,0.05
4158,0.42
4159,0.34
4161,0.16
4165,0.37
4169,0.07
4170,0.38
4171,0.36
4173,0.2
4174,0.38
4175,0.21
4176,0.06
4182,0.11
4184,0.83
4189,0.58
4193,0.44
4194,0.74
4195,0.43
4198,0.44
4199,0.21
4200,0.02
4201,0.21
4203,0.01
4204,0.24
4208,0.02
4209,0.53
4210,0.02
4211,0.07
4215,0.08
4217,0.08
4218,0.28
4220,0.14
4223,0.29
4224,0.65
4225,0.23
4229,0.39
4230,0.25
4231,0.44
4233,0.38
4236,0.02
4237,0.11
4238,0.88
4241,0.36
4244,0.51
4245,0.1
4246,0.51
4248,0.03
4249,0.01
4251,0.34
4254,0.65
4256,0.44
4258,0.02
4259,0.11
4260,0.09
4263,0.02
4264,0.01
4266,0.03
4268,0.02
4273,0.7
4275,0.01
4276,0.02
4277,0.11
4278,0.01
4280,0.4
4283,0.37
4285,0.41
4288,0.58
4289,0.02
4291,0.22
4301,0.0
4302,0.06
4303,0.03
4311,0.57
4315,0.01
4317,0.48
4318,0.18
4321,0.36
4322,0.15
4327,0.02
4329,0.01
4332,0.74
4335,0.09
4336,0.34
4337,0.49
4338,0.01
4339,0.06
4341,0.12
4342,0.37
4343,0.12
4347,0.08
4348,0.14
4350,0.08
4353,0.56
4354,0.46
4357,0.38
4358,0.27
4360,0.12
4365,0.35
4374,0.03
4376,0.51
4377,0.16
4379,0.08
4384,0.49
4385,0.02
4387,0.2
4388,0.66
4389,0.02
4392,0.51
4394,0.15
4397,0.04
4399,0.27
4400,0.04
4401,0.01
4402,0.06
4405,0.02
4407,0.64
4408,0.24
4409,0.37
4411,0.44
4412,0.05
4414,0.59
4417,0.03
4418,0.08
4419,0.13
4421,0.65
4422,0.69
4424,0.18
4430,0.51
4431,0.0
4432,0.03
4435,0.53
4439,0.07
4440,0.29
4441,0.58
4442,0.04
4447,0.11
4449,0.85
4450,0.15
4452,0.1
4453,0.85
4454,0.01
4458,0.23
4459,0.49
4461,0.07
4462,0.02
4464,0.02
4465,0.05
4466,0.56
4467,0.06
4468,0.65
4470,0.09
4471,0.04
4472,0.34
4473,0.01
4474,0.0
4478,0.02
4479,0.06
4480,0.04
4481,0.42
4482,0.31
4486,0.02
4487,0.32
4489,0.62
4490,0.09
4491,0.26
4494,0.24
4495,0.31
4496,0.74
4498,0.03
4499,0.13
4500,0.4
4502,0.15
4503,0.14
4505,0.48
4507,0.09
4509,0.01
4511,0.11
4512,0.03
4514,0.03
4515,0.02
4517,0.73
4523,0.21
4527,0.15
4531,0.39
4532,0.05
4533,0.72
4534,0.4
4535,0.47
4536,0.23
4537,0.14
4541,0.02
4542,0.68
4544,0.08
4546,0.7
4548,0.6
4549,0.14
4550,0.15
4551,0.42
4553,0.73
4555,0.65
4556,0.02
4557,0.27
4558,0.45
4560,0.39
4561,0.4
4562,0.61
4563,0.77
4564,0.4
4565,0.15
4567,0.08
4569,0.04
4570,0.42
4574,0.04
4575,0.11
4576,0.37
4577,0.07
4578,0.44
4586,0.17
4587,0.03
4588,0.36
4589,0.03
4590,0.2
4591,0.41
4592,0.03
4593,0.02
4594,0.59
4597,0.12
4600,0.15
4604,0.02
4606,0.01
4608,0.03
4610,0.12
4612,0.03
4613,0.0
4614,0.51
4616,0.0
4619,0.22
4620,0.26
4621,0.21
4622,0.02
4626,0.36
4627,0.09
4630,0.01
4631,0.56
4634,0.49
4635,0.6
4636,0.77
4637,0.24
4640,0.37
4641,0.61
4642,0.48
4643,0.02
4644,0.89
4645,0.52
4646,0.48
4648,0.42
4650,0.0
4651,0.15
4654,0.41
4655,0.01
4656,0.54
4660,0.31
4663,0.51
4664,0.37
4665,0.01
4667,0.45
4669,0.16
4670,0.17
4671,0.31
4672,0.37
4673,0.0
4674,0.02
4675,0.12
4678,0.24
4679,0.51
4680,0.0
4681,0.01
4682,0.02
4683,0.0
4684,0.04
4685,0.9
4687,0.32
4690,0.13
4692,0.03
4694,0.35
4695,0.03
4698,0.14
4699,0.07
4701,0.45
4707,0.52
4708,0.1
4710,0.02
4712,0.03
4713,0.31
4715,0.0
4717,0.12
4719,0.59
4720,0.01
4722,0.29
4727,0.11
4732,0.23
4733,0.0
4737,0.01
4738,0.77
4740,0.72
4741,0.52
4744,0.24
4745,0.57
4753,0.14
4755,0.1
4756,0.5
4759,0.07
4760,0.12
4761,0.03
4765,0.02
4770,0.13
4774,0.04
4777,0.58
4783,0.56
4784,0.15
4785,0.11
4788,0.2
4789,0.1
4792,0.55
4793,0.02
4795,0.02
4798,0.04
4800,0.52
4801,0.6
4802,0.18
4804,0.4
4805,0.4
4806,0.63
4808,0.03
4809,0.22
4812,0.18
4813,0.22
4814,0.02
4815,0.02
4819,0.58
4820,0.19
4821,0.37
4824,0.05
4825,0.53
4828,0.03
4829,0.04
4831,0.02
4832,0.0
4833,0.41
4834,0.08
4835,0.12
4836,0.03
4838,0.67
4840,0.22
4841,0.54
4842,0.0
4846,0.77
4847,0.03
4848,0.02
4851,0.11
4852,0.02
4855,0.49
4856,0.23
4857,0.38
4858,0.02
4864,0.6
4865,0.04
4866,0.01
4867,0.06
4869,0.02
4870,0.04
4871,0.67
4873,0.15
4875,0.47
4876,0.48
4878,0.01
4879,0.58
4882,0.58
4884,0.48
4888,0.03
4889,0.71
4890,0.59
4891,0.07
4892,0.18
4895,0.02
4899,0.12
4901,0.0
4902,0.13
4906,0.01
4907,0.12
4908,0.05
4911,0.37
4917,0.37
4918,0.05
4919,0.02
4923,0.44
4924,0.02
4927,0.56
4929,0.33
4930,0.04
4931,0.06
4933,0.03
4937,0.72
4940,0.24
4943,0.01
4946,0.31
4948,0.72
4949,0.16
4951,0.59
4953,0.11
4955,0.06
4956,0.48
4957,0.12
4959,0.11
4965,0.27
4966,0.35
4967,0.57
4968,0.62
4970,0.05
4973,0.11
4975,0.23
4982,0.02
4984,0.51
4986,0.05
4989,0.15
4990,0.18
4995,0.17
4997,0.26
4998,0.27
4999,0.46
5000,0.61
5003,0.59
5006,0.0
5007,0.0
5008,0.61
5012,0.58
5018,0.01
5019,0.02
5021,0.4
5022,0.08
5024,0.73
5025,0.13
5027,0.02
5028,0.28
5032,0.09
5033,0.26
5034,0.01
5038,0.5
5039,0.38
5041,0.09
5043,0.0
5044,0.1
5046,0.68
5047,0.62
5048,0.26
5049,0.44
5053,0.01
5054,0.86
5056,0.73
5057,0.2
5059,0.34
5061,0.27
5062,0.25
5063,0.08
5064,0.5
5067,0.44
5068,0.06
5070,0.2
5072,0.0
5073,0.54
5076,0.04
5077,0.02
5079,0.02
5083,0.45
5084,0.16
5087,0.0
5092,0.25
5093,0.0
5094,0.61
5096,0.03
5098,0.16
5100,0.35
5102,0.02
5106,0.29
5109,0.17
5110,0.03
5116,0.12
5125,0.5
5131,0.55
5133,0.43
5134,0.06
5136,0.55
5137,0.69
5138,0.07
5140,0.27
5143,0.6
5148,0.26
5150,0.11
5152,0.16
5154,0.03
5157,0.66
5158,0.15
5159,0.58
5160,0.27
5161,0.09
5162,0.22
5164,0.36
5166,0.08
5167,0.13
5169,0.57
5170,0.17
5171,0.78
5172,0.61
5175,0.51
5176,0.26
5179,0.56
5180,0.06
5182,0.02
5184,0.02
5185,0.27
5186,0.03
5189,0.39
5192,0.1
5193,0.08
5194,0.03
5198,0.73
5200,0.81
5202,0.01
5207,0.23
5209,0.01
5212,0.12
5213,0.01
5215,0.02
5217,0.03
5218,0.36
5220,0.11
5221,0.09
5222,0.12
5223,0.52
5224,0.01
5225,0.7
5226,0.21
5227,0.16
5229,0.44
5230,0.38
5231,0.53
5233,0.61
5234,0.62
5235,0.41
5237,0.28
5238,0.01
5240,0.88
5241,0.13
5243,0.05
5244,0.46
5245,0.02
5246,0.57
5248,0.11
5249,0.01
5251,0.12
5252,0.03
5253,0.41
5255,0.2
5256,0.05
5260,0.77
5263,0.15
5267,0.03
5270,0.4
5271,0.22
5275,0.02
5276,0.11
5277,0.61
5278,0.19
5279,0.46
5284,0.02
5285,0.05
5286,0.75
5290,0.65
5293,0.0
5294,0.47
5296,0.15
5297,0.01
5301,0.09
5304,0.27
5306,0.03
5307,0.29
5308,0.08
5309,0.01
5310,0.14
5313,0.64
5314,0.58
5315,0.12
5316,0.07
5318,0.11
5319,0.37
5320,0.04
5321,0.15
5322,0.18
5324,0.3
5325,0.02
5326,0.15
5327,0.76
5328,0.33
5331,0.68
5332,0.07
5334,0.38
5335,0.59
5339,0.12
5340,0.11
5341,0.08
5346,0.77
5347,0.46
5349,0.0
5350,0.65
5352,0.06
5357,0.65
5360,0.52
5362,0.04
5363,0.33
5364,0.03
5368,0.04
5373,0.01
5374,0.17
5375,0.26
5378,0.27
5380,0.18
5381,0.0
5383,0.1
5385,0.0
5388,0.88
5393,0.12
5395,0.32
5396,0.04
5398,0.39
5399,0.56
5403,0.27
5404,0.34
5405,0.07
5410,0.09
5411,0.12
5412,0.62
5413,0.33
5416,0.15
5421,0.14
5422,0.31
5424,0.1
5425,0.04
5428,0.05
5430,0.48
5433,0.59
5436,0.51
5437,0.1
5439,0.51
5442,0.32
5443,0.04
5444,0.0
5448,0.08
5449,0.09
5452,0.53
5453,0.15
5454,0.88
5455,0.35
5460,0.61
5462,0.01
5464,0.46
5465,0.01
5466,0.04
5468,0.62
5469,0.05
5471,0.3
5472,0.54
5473,0.01
5475,0.73
5476,0.03
5478,0.03
5479,0.24
5480,0.8
5486,0.32
5487,0.4
5490,0.8
5491,0.25
5494,0.29
5498,0.11
5500,0.41
5506,0.01
5507,0.02
5508,0.03
5509,0.58
5512,0.04
5514,0.15
5515,0.37
5516,0.18
5517,0.07
5518,0.5
5519,0.01
5520,0.11
5521,0.02
5522,0.02
5523,0.55
5524,0.04
5525,0.62
5527,0.41
5529,0.0
5530,0.55
5531,0.05
5532,0.67
5534,0.52
5536,0.42
5537,0.3
5538,0.58
5543,0.2
5545,0.06
5548,0.24
5552,0.1
5557,0.18
5561,0.02
5562,0.03
5566,0.07
5569,0.44
5570,0.01
5571,0.53
5575,0.19
5579,0.32
5580,0.75
5581,0.89
5584,0.13
5585,0.63
5586,0.07
5588,0.2
5589,0.23
5591,0.17
5593,0.77
5594,0.5
5596,0.02
5598,0.68
5599,0.62
5600,0.02
5602,0.45
5603,0.02
5605,0.12
5606,0.57
5610,0.45
5614,0.62
5616,0.3
5617,0.01
5619,0.53
5621,0.15
5624,0.04
5625,0.04
5626,0.04
5628,0.06
5629,0.11
5631,0.04
5632,0.02
5634,0.45
5638,0.92
5639,0.02
5643,0.42
5646,0.19
5648,0.02
5649,0.73
5653,0.77
5655,0.01
5656,0.54
5661,0.6
5662,0.26
5663,0.1
5669,0.68
5670,0.53
5672,0.03
5674,0.07
5675,0.04
5678,0.02
5679,0.03
5681,0.1
5682,0.02
5683,0.49
5684,0.51
5687,0.1
5689,0.04
5690,0.05
5691,0.73
5692,0.04
5694,0.6
5696,0.02
5699,0.56
5700,0.48
5702,0.1
5709,0.5
5711,0.35
5714,0.03
5716,0.21
5718,0.11
5719,0.19
5720,0.01
5722,0.48
5725,0.06
5726,0.17
5727,0.7
5728,0.72
5729,0.63
5732,0.01
5733,0.13
5734,0.59
5735,0.29
5739,0.13
5740,0.88
5741,0.04
5742,0.02
5744,0.88
5748,0.23
5750,0.06
5751,0.5
5752,0.76
5754,0.12
5756,0.45
5759,0.03
5760,0.12
5764,0.62
5766,0.06
5770,0.04
5774,0.03
5776,0.44
5777,0.13
5778,0.34
5781,0.05
5784,0.19
5785,0.02
5788,0.02
5792,0.11
5798,0.45
5800,0.45
5801,0.36
5804,0.56
5805,0.52
5806,0.88
5808,0.59
5810,0.1
5812,0.05
5817,0.03
5820,0.29
5821,0.03
5822,0.55
5823,0.13
5825,0.02
5828,0.46
5831,0.13
5835,0.01
5836,0.49
5837,0.31
5838,0.49
5839,0.09
5842,0.01
5844,0.09
5846,0.48
5850,0.43
5851,0.01
5856,0.01
5859,0.83
5862,0.46
5863,0.56
5864,0.07
5865,0.08
5866,0.05
5868,0.15
5869,0.01
5870,0.04
5874,0.2
5875,0.04
5878,0.46
5881,0.39
5882,0.82
5883,0.88
5886,0.0
5889,0.01
5892,0.61
5893,0.23
5899,0.39
5901,0.56
5903,0.56
5905,0.17
5906,0.15
5907,0.01
5908,0.01
5912,0.8
5914,0.08
5915,0.68
5916,0.31
5920,0.02
5923,0.04
5924,0.03
5925,0.85
5926,0.85
5927,0.4
5929,0.06
5930,0.03
5931,0.59
5932,0.38
5933,0.23
5935,0.01
5936,0.06
5938,0.14
5939,0.71
5940,0.02
5941,0.07
5952,0.32
5954,0.3
5955,0.08
5959,0.0
5960,0.39
5963,0.6
5964,0.01
5967,0.03
5970,0.17
5973,0.48
5974,0.82
5975,0.02
5978,0.04
5979,0.04
5980,0.44
5982,0.04
5984,0.12
5985,0.02
5987,0.24
5988,0.52
5990,0.04
5991,0.28
5993,0.05
5997,0.0
6000,0.18
6001,0.42
6005,0.88
6007,0.71
6008,0.52
6011,0.22
6013,0.07
6014,0.16
6018,0.01
6019,0.03
6023,0.65
6026,0.44
6028,0.01
6029,0.13
6032,0.72
6034,0.56
6035,0.32
6036,0.02
6038,0.4
6039,0.14
6043,0.9
6045,0.21
6049,0.12
6050,0.68
6053,0.59
6054,0.19
6057,0.49
6060,0.1
6062,0.36
6063,0.13
6064,0.08
6066,0.4
6073,0.14
6074,0.12
6076,0.22
6080,0.11
6081,0.02
6082,0.05
6083,0.46
6085,0.05
6087,0.08
6088,0.03
6090,0.57
6092,0.03
6093,0.58
6097,0.63
6098,0.02
6101,0.69
6104,0.03
6106,0.22
6108,0.05
6110,0.02
6111,0.05
6112,0.54
6113,0.37
6117,0.3
6118,0.02
6119,0.2
6120,0.05
6124,0.66
6125,0.14
6128,0.37
6130,0.29
6131,0.33
6133,0.58
6139,0.22
6140,0.8
6141,0.13
6143,0.47
6144,0.63
6146,0.64
6149,0.01
6150,0.26
6152,0.06
6157,0.19
6158,0.37
6160,0.6
6161,0.23
6163,0.01
6164,0.69
6167,0.08
6168,0.37
6169,0.05
6170,0.06
6172,0.09
6175,0.12
6177,0.08
6180,0.4
6182,0.39
6184,0.63
6187,0.15
6189,0.88
6191,0.79
6192,0.0
6195,0.15
6199,0.0
6200,0.67
6203,0.07
6205,0.17
6207,0.59
6208,0.13
6209,0.46
6210,0.26
6211,0.48
6212,0.17
6213,0.35
6214,0.2
6216,0.1
6217,0.02
6218,0.01
6219,0.07
6220,0.29
6223,0.1
6225,0.67
6226,0.53
6227,0.24
6230,0.02
6232,0.12
6233,0.55
6234,0.35
6240,0.08
6242,0.34
6245,0.03
6246,0.61
6247,0.33
6249,0.22
6250,0.52
6254,0.01
6255,0.15
6256,0.46
6258,0.29
6259,0.04
6262,0.05
6263,0.54
6264,0.06
6266,0.61
6270,0.54
6273,0.48
6274,0.53
6277,0.32
6283,0.14
6285,0.32
6286,0.22
6288,0.05
6291,0.25
6293,0.49
6297,0.16
6299,0.45
6300,0.01
6301,0.48
6302,0.07
6306,0.24
6307,0.3
6308,0.02
6312,0.15
6315,0.78
6321,0.03
6322,0.13
6323,0.49
6324,0.06
6325,0.01
6326,0.02
6327,0.46
6328,0.02
6329,0.01
6330,0.48
6335,0.21
6336,0.58
6339,0.01
6340,0.9
6342,0.01
6343,0.0
6346,0.05
6347,0.07
6348,0.03
6352,0.14
6356,0.62
6360,0.09
6365,0.6
6368,0.02
6370,0.01
6371,0.18
6372,0.05
6374,0.17
6377,0.15
6380,0.09
6382,0.03
6385,0.06
6388,0.77
6389,0.08
6390,0.01
6391,0.03
6393,0.01
6394,0.61
6395,0.01
6397,0.11
6398,0.34
6399,0.09
6401,0.11
6402,0.59
6405,0.61
6406,0.02
6407,0.04
6408,0.6
6410,0.04
6412,0.18
6414,0.61
6415,0.03
6416,0.01
6418,0.08
6420,0.09
6421,0.05
6422,0.7
6424,0.54
6425,0.36
6426,0.03
6427,0.12
6430,0.42
6432,0.1
6433,0.24
6435,0.38
6437,0.18
6438,0.66
6439,0.67
6440,0.49
6442,0.51
6443,0.02
6446,0.68
6447,0.4
6449,0.01
6450,0.11
6452,0.54
6453,0.19
6456,0.46
6457,0.03
6458,0.0
6459,0.16
6460,0.66
6461,0.25
6462,0.76
6464,0.03
6467,0.02
6470,0.3
6471,0.02
6472,0.02
6478,0.52
6479,0.54
6480,0.41
6481,0.51
6483,0.03
6484,0.05
6487,0.13
6489,0.01
6490,0.17
6491,0.12
6495,0.34
6496,0.56
6498,0.01
6499,0.4
6501,0.24
6504,0.2
6505,0.18
6506,0.22
6507,0.08
6509,0.02
6510,0.03
6511,0.59
6512,0.01
6513,0.55
6518,0.14
6522,0.05
6529,0.02
6531,0.02
6532,0.13
6534,0.77
6535,0.04
6536,0.03
6537,0.03
6540,0.66
6541,0.15
6542,0.02
6549,0.6
6550,0.01
6552,0.6
6554,0.38
6556,0.04
6558,0.27
6560,0.31
6564,0.23
6565,0.01
6569,0.02
6570,0.16
6572,0.04
6573,0.89
6576,0.02
6577,0.01
6579,0.76
6582,0.95
6586,0.26
6588,0.89
6592,0.02
6593,0.14
6594,0.28
6595,0.89
6596,0.82
6597,0.58
6601,0.26
6605,0.04
6606,0.76
6607,0.1
6610,0.15
6614,0.01
6616,0.65
6617,0.4
6618,0.72
6619,0.06
6620,0.82
6624,0.79
6625,0.02
6628,0.01
6629,0.81
6630,0.04
6633,0.74
6634,0.17
6636,0.65
6637,0.22
6641,0.02
6642,0.62
6644,0.74
6647,0.05
6648,0.15
6649,0.83
6651,0.24
6652,0.78
6654,0.82
6656,0.06
6657,0.67
6658,0.09
6659,0.49
6660,0.02
6664,0.12
6666,0.12
6667,0.81
6668,0.05
6669,0.04
6671,0.07
6674,0.87
6677,0.05
6678,0.14
6679,0.01
6680,0.14
6681,0.17
6684,0.02
6685,0.02
6686,0.04
6688,0.03
6690,0.91
6693,0.32
6694,0.22
6698,0.04
6700,0.25
6702,0.48
6704,0.63
6705,0.35
6708,0.09
6709,0.71
6710,0.77
6711,0.09
6714,0.0
6715,0.32
6716,0.59
6722,0.51
6725,0.81
6726,0.89
6727,0.02
6728,0.52
6729,0.01
6730,0.61
6732,0.14
6738,0.02
6740,0.06
6744,0.3
6745,0.14
6746,0.01
6748,0.04
6749,0.13
6750,0.16
6751,0.11
6752,0.04
6757,0.03
6758,0.58
6761,0.01
6762,0.06
6763,0.84
6764,0.42
6765,0.18
6766,0.56
6768,0.72
6769,0.85
6770,0.23
6771,0.22
6772,0.03
6773,0.52
6774,0.16
6775,0.13
6776,0.4
6777,0.36
6778,0.03
6779,0.05
6782,0.08
6787,0.79
6788,0.06
6791,0.08
6792,0.38
6793,0.42
6794,0.12
6795,0.0
6796,0.72
6797,0.2
6798,0.15
6799,0.04
6801,0.37
6802,0.47
6804,0.3
6805,0.29
6806,0.63
6808,0.67
6811,0.52
6812,0.52
6813,0.28
6814,0.82
6818,0.59
6819,0.01
6820,0.09
6821,0.1
6822,0.38
6823,0.04
6825,0.06
6826,0.64
6827,0.54
6828,0.02
6829,0.14
6832,0.55
6833,0.12
6834,0.25
6838,0.63
6843,0.24
6845,0.62
6846,0.21
6848,0.93
6849,0.07
6852,0.12
6853,0.05
6854,0.14
6855,0.56
6856,0.68
6858,0.06
6860,0.36
6868,0.01
6869,0.03
6871,0.08
6874,0.67
6875,0.2
6876,0.18
6884,0.07
6885,0.17
6886,0.2
6887,0.45
6888,0.04
6890,0.04
6891,0.45
6892,0.04
6893,0.02
6897,0.28
6898,0.5
6899,0.18
6900,0.46
6905,0.36
6906,0.04
6907,0.1
6909,0.64
6916,0.91
6920,0.42
6922,0.52
6923,0.33
6924,0.25
6925,0.65
6927,0.11
6928,0.07
6929,0.08
6930,0.06
6934,0.19
6935,0.12
6937,0.85
6939,0.85
6943,0.36
6944,0.29
6946,0.89
6952,0.12
6953,0.31
6959,0.01
6962,0.82
6965,0.1
6966,0.93
6968,0.7
6970,0.4
6971,0.32
6972,0.04
6974,0.1
6976,0.1
6977,0.67
6978,0.67
6980,0.0
6983,0.45
6987,0.03
6990,0.08
6992,0.17
6993,0.14
6994,0.9
6995,0.04
6996,0.56
6998,0.21
6999,0.68
7000,0.41
7001,0.09
7002,0.07
7006,0.02
7008,0.22
7009,0.52
7011,0.02
7012,0.68
7013,0.11
7014,0.71
7016,0.02
7018,0.26
7020,0.02
7021,0.24
7022,0.41
7025,0.04
7026,0.17
7027,0.08
7028,0.06
7032,0.26
7033,0.81
7034,0.01
7035,0.08
7036,0.48
7040,0.01
7042,0.05
7043,0.28
7045,0.11
7050,0.25
7051,0.03
7052,0.4
7054,0.1
7057,0.5
7058,0.06
7060,0.73
7061,0.4
7063,0.59
7064,0.09
7065,0.14
7067,0.76
7068,0.56
7070,0.62
7072,0.46
7073,0.26
7074,0.33
7076,0.04
7078,0.04
7081,0.16
7084,0.09
7085,0.06
7088,0.13
7089,0.11
7091,0.68
7092,0.02
7095,0.03
7100,0.02
7104,0.43
7107,0.02
7108,0.77
7110,0.91
7112,0.04
7113,0.47
7114,0.48
7115,0.71
7119,0.03
7120,0.13
7121,0.15
7123,0.59
7127,0.2
7128,0.05
7129,0.73
7131,0.08
7132,0.93
7134,0.18
7137,0.0
7139,0.01
7142,0.13
